{"cameraMode":{"drawMode":0,"name":"Shaded","section":"Shading Mode"},"sceneLighting":true,"audioPlay":false,"sceneViewState":{"showFog":true,"showMaterialUpdate":false,"showSkybox":true,"showFlares":true,"showImageEffects":true,"showParticleSystems":true,"showVisualEffectGraphs":true,"m_FxEnabled":true},"in2DMode":false,"pivot":{"x":1053.6051025390625,"y":1136.0162353515625,"z":-1.0650634765625},"rotation":{"x":-0.14082473516464234,"y":-0.014258238486945629,"z":0.002028442919254303,"w":-0.9899269342422485},"size":1246.8175048828125,"orthographic":false}